field,chinese_term,storage_table,source_endpoint,tushare_type,source_doc_id,unit_category,stored_unit,required_for_health_check,official_doc_path
adj_lossgain,调整以前年度损益,raw_tushare,income,float,33,amount_cny,"百万元（元÷1,000,000）",N,.refs/tushare-docs/33.md
admin_exp,减:管理费用,raw_tushare,income,float,33,amount_cny,"百万元（元÷1,000,000）",N,.refs/tushare-docs/33.md
amodcost_fin_assets,以摊余成本计量的金融资产终止确认收益,raw_tushare,income,float,33,amount_cny,"百万元（元÷1,000,000）",N,.refs/tushare-docs/33.md
ass_invest_income,其中:对联营企业和合营企业的投资收益,raw_tushare,income,float,33,amount_cny,"百万元（元÷1,000,000）",N,.refs/tushare-docs/33.md
asset_disp_income,资产处置收益,raw_tushare,income,float,33,amount_cny,"百万元（元÷1,000,000）",N,.refs/tushare-docs/33.md
assets_impair_loss,减:资产减值损失,raw_tushare,income,float,33,amount_cny,"百万元（元÷1,000,000）",N,.refs/tushare-docs/33.md
basic_eps,基本每股收益,raw_tushare,income,float,33,price,元/股（原值）,N,.refs/tushare-docs/33.md
biz_tax_surchg,减:营业税金及附加,raw_tushare,income,float,33,amount_cny,"百万元（元÷1,000,000）",N,.refs/tushare-docs/33.md
capit_comstock_div,转作股本的普通股股利,raw_tushare,income,float,33,amount_cny,"百万元（元÷1,000,000）",N,.refs/tushare-docs/33.md
comm_exp,减:手续费及佣金支出,raw_tushare,income,float,33,amount_cny,"百万元（元÷1,000,000）",N,.refs/tushare-docs/33.md
comm_income,手续费及佣金收入,raw_tushare,income,float,33,amount_cny,"百万元（元÷1,000,000）",N,.refs/tushare-docs/33.md
compens_payout,赔付总支出,raw_tushare,income,float,33,amount_cny,"百万元（元÷1,000,000）",N,.refs/tushare-docs/33.md
compens_payout_refu,减:摊回赔付支出,raw_tushare,income,float,33,amount_cny,"百万元（元÷1,000,000）",N,.refs/tushare-docs/33.md
compr_inc_attr_m_s,归属于少数股东的综合收益总额,raw_tushare,income,float,33,amount_cny,"百万元（元÷1,000,000）",N,.refs/tushare-docs/33.md
compr_inc_attr_p,归属于母公司(或股东)的综合收益总额,raw_tushare,income,float,33,amount_cny,"百万元（元÷1,000,000）",N,.refs/tushare-docs/33.md
comshare_payable_dvd,应付普通股股利,raw_tushare,income,float,33,amount_cny,"百万元（元÷1,000,000）",N,.refs/tushare-docs/33.md
continued_net_profit,持续经营净利润,raw_tushare,income,float,33,amount_cny,"百万元（元÷1,000,000）",N,.refs/tushare-docs/33.md
credit_impa_loss,信用减值损失,raw_tushare,income,float,33,amount_cny,"百万元（元÷1,000,000）",N,.refs/tushare-docs/33.md
diluted_eps,稀释每股收益,raw_tushare,income,float,33,price,元/股（原值）,N,.refs/tushare-docs/33.md
distable_profit,可分配利润,raw_tushare,income,float,33,amount_cny,"百万元（元÷1,000,000）",N,.refs/tushare-docs/33.md
distr_profit_shrhder,可供股东分配的利润,raw_tushare,income,float,33,amount_cny,"百万元（元÷1,000,000）",N,.refs/tushare-docs/33.md
div_payt,保户红利支出,raw_tushare,income,float,33,amount_cny,"百万元（元÷1,000,000）",N,.refs/tushare-docs/33.md
ebit,息税前利润,raw_tushare,income,float,33,amount_cny,"百万元（元÷1,000,000）",N,.refs/tushare-docs/33.md
ebitda,息税折旧摊销前利润,raw_tushare,income,float,33,amount_cny,"百万元（元÷1,000,000）",N,.refs/tushare-docs/33.md
end_net_profit,终止经营净利润,raw_tushare,income,float,33,amount_cny,"百万元（元÷1,000,000）",N,.refs/tushare-docs/33.md
fin_exp,减:财务费用,raw_tushare,income,float,33,amount_cny,"百万元（元÷1,000,000）",N,.refs/tushare-docs/33.md
fin_exp_int_exp,财务费用:利息费用,raw_tushare,income,float,33,amount_cny,"百万元（元÷1,000,000）",N,.refs/tushare-docs/33.md
fin_exp_int_inc,财务费用:利息收入,raw_tushare,income,float,33,amount_cny,"百万元（元÷1,000,000）",N,.refs/tushare-docs/33.md
forex_gain,加:汇兑净收益,raw_tushare,income,float,33,amount_cny,"百万元（元÷1,000,000）",N,.refs/tushare-docs/33.md
fv_value_chg_gain,加:公允价值变动净收益,raw_tushare,income,float,33,amount_cny,"百万元（元÷1,000,000）",N,.refs/tushare-docs/33.md
income_tax,所得税费用,raw_tushare,income,float,33,amount_cny,"百万元（元÷1,000,000）",N,.refs/tushare-docs/33.md
insur_reser_refu,减:摊回保险责任准备金,raw_tushare,income,float,33,amount_cny,"百万元（元÷1,000,000）",N,.refs/tushare-docs/33.md
insurance_exp,保险业务支出,raw_tushare,income,float,33,amount_cny,"百万元（元÷1,000,000）",N,.refs/tushare-docs/33.md
int_exp,减:利息支出,raw_tushare,income,float,33,amount_cny,"百万元（元÷1,000,000）",N,.refs/tushare-docs/33.md
int_income,利息收入,raw_tushare,income,float,33,amount_cny,"百万元（元÷1,000,000）",N,.refs/tushare-docs/33.md
invest_income,加:投资净收益,raw_tushare,income,float,33,amount_cny,"百万元（元÷1,000,000）",N,.refs/tushare-docs/33.md
minority_gain,少数股东损益,raw_tushare,income,float,33,amount_cny,"百万元（元÷1,000,000）",N,.refs/tushare-docs/33.md
n_asset_mg_income,受托客户资产管理业务净收入,raw_tushare,income,float,33,amount_cny,"百万元（元÷1,000,000）",N,.refs/tushare-docs/33.md
n_commis_income,手续费及佣金净收入,raw_tushare,income,float,33,amount_cny,"百万元（元÷1,000,000）",N,.refs/tushare-docs/33.md
n_income,净利润(含少数股东损益),raw_tushare,income,float,33,amount_cny,"百万元（元÷1,000,000）",N,.refs/tushare-docs/33.md
n_income_attr_p,净利润(不含少数股东损益),raw_tushare,income,float,33,amount_cny,"百万元（元÷1,000,000）",Y,.refs/tushare-docs/33.md
n_oth_b_income,加:其他业务净收益,raw_tushare,income,float,33,amount_cny,"百万元（元÷1,000,000）",N,.refs/tushare-docs/33.md
n_oth_income,其他经营净收益,raw_tushare,income,float,33,amount_cny,"百万元（元÷1,000,000）",N,.refs/tushare-docs/33.md
n_sec_tb_income,代理买卖证券业务净收入,raw_tushare,income,float,33,amount_cny,"百万元（元÷1,000,000）",N,.refs/tushare-docs/33.md
n_sec_uw_income,证券承销业务净收入,raw_tushare,income,float,33,amount_cny,"百万元（元÷1,000,000）",N,.refs/tushare-docs/33.md
nca_disploss,其中:减:非流动资产处置净损失,raw_tushare,income,float,33,amount_cny,"百万元（元÷1,000,000）",N,.refs/tushare-docs/33.md
net_after_nr_lp_correct,扣除非经常性损益后的净利润（更正前）,raw_tushare,income,float,33,amount_cny,"百万元（元÷1,000,000）",N,.refs/tushare-docs/33.md
net_expo_hedging_benefits,净敞口套期收益,raw_tushare,income,float,33,amount_cny,"百万元（元÷1,000,000）",N,.refs/tushare-docs/33.md
non_oper_exp,减:营业外支出,raw_tushare,income,float,33,amount_cny,"百万元（元÷1,000,000）",N,.refs/tushare-docs/33.md
non_oper_income,加:营业外收入,raw_tushare,income,float,33,amount_cny,"百万元（元÷1,000,000）",N,.refs/tushare-docs/33.md
oper_cost,减:营业成本,raw_tushare,income,float,33,amount_cny,"百万元（元÷1,000,000）",N,.refs/tushare-docs/33.md
oper_exp,营业支出,raw_tushare,income,float,33,amount_cny,"百万元（元÷1,000,000）",N,.refs/tushare-docs/33.md
operate_profit,营业利润,raw_tushare,income,float,33,amount_cny,"百万元（元÷1,000,000）",N,.refs/tushare-docs/33.md
oth_b_income,其他业务收入,raw_tushare,income,float,33,amount_cny,"百万元（元÷1,000,000）",N,.refs/tushare-docs/33.md
oth_compr_income,其他综合收益,raw_tushare,income,float,33,amount_cny,"百万元（元÷1,000,000）",N,.refs/tushare-docs/33.md
oth_impair_loss_assets,其他资产减值损失,raw_tushare,income,float,33,amount_cny,"百万元（元÷1,000,000）",N,.refs/tushare-docs/33.md
oth_income,其他收益,raw_tushare,income,float,33,amount_cny,"百万元（元÷1,000,000）",N,.refs/tushare-docs/33.md
other_bus_cost,其他业务成本,raw_tushare,income,float,33,amount_cny,"百万元（元÷1,000,000）",N,.refs/tushare-docs/33.md
out_prem,减:分出保费,raw_tushare,income,float,33,amount_cny,"百万元（元÷1,000,000）",N,.refs/tushare-docs/33.md
prem_earned,已赚保费,raw_tushare,income,float,33,amount_cny,"百万元（元÷1,000,000）",N,.refs/tushare-docs/33.md
prem_income,保险业务收入,raw_tushare,income,float,33,amount_cny,"百万元（元÷1,000,000）",N,.refs/tushare-docs/33.md
prem_refund,退保金,raw_tushare,income,float,33,amount_cny,"百万元（元÷1,000,000）",N,.refs/tushare-docs/33.md
prfshare_payable_dvd,应付优先股股利,raw_tushare,income,float,33,amount_cny,"百万元（元÷1,000,000）",N,.refs/tushare-docs/33.md
rd_exp,研发费用,raw_tushare,income,float,33,amount_cny,"百万元（元÷1,000,000）",N,.refs/tushare-docs/33.md
reins_cost_refund,减:摊回分保费用,raw_tushare,income,float,33,amount_cny,"百万元（元÷1,000,000）",N,.refs/tushare-docs/33.md
reins_exp,分保费用,raw_tushare,income,float,33,amount_cny,"百万元（元÷1,000,000）",N,.refs/tushare-docs/33.md
reins_income,其中:分保费收入,raw_tushare,income,float,33,amount_cny,"百万元（元÷1,000,000）",N,.refs/tushare-docs/33.md
reser_insur_liab,提取保险责任准备金,raw_tushare,income,float,33,amount_cny,"百万元（元÷1,000,000）",N,.refs/tushare-docs/33.md
revenue,营业收入,raw_tushare,income,float,33,amount_cny,"百万元（元÷1,000,000）",Y,.refs/tushare-docs/33.md
sell_exp,减:销售费用,raw_tushare,income,float,33,amount_cny,"百万元（元÷1,000,000）",N,.refs/tushare-docs/33.md
t_compr_income,综合收益总额,raw_tushare,income,float,33,amount_cny,"百万元（元÷1,000,000）",N,.refs/tushare-docs/33.md
total_cogs,营业总成本,raw_tushare,income,float,33,amount_cny,"百万元（元÷1,000,000）",N,.refs/tushare-docs/33.md
total_opcost,营业总成本（二）,raw_tushare,income,float,33,amount_cny,"百万元（元÷1,000,000）",N,.refs/tushare-docs/33.md
total_profit,利润总额,raw_tushare,income,float,33,amount_cny,"百万元（元÷1,000,000）",N,.refs/tushare-docs/33.md
total_revenue,营业总收入,raw_tushare,income,float,33,amount_cny,"百万元（元÷1,000,000）",N,.refs/tushare-docs/33.md
transfer_housing_imprest,住房周转金转入,raw_tushare,income,float,33,amount_cny,"百万元（元÷1,000,000）",N,.refs/tushare-docs/33.md
transfer_oth,其他转入,raw_tushare,income,float,33,amount_cny,"百万元（元÷1,000,000）",N,.refs/tushare-docs/33.md
transfer_surplus_rese,盈余公积转入,raw_tushare,income,float,33,amount_cny,"百万元（元÷1,000,000）",N,.refs/tushare-docs/33.md
undist_profit,年初未分配利润,raw_tushare,income,float,33,amount_cny,"百万元（元÷1,000,000）",N,.refs/tushare-docs/33.md
une_prem_reser,提取未到期责任准备金,raw_tushare,income,float,33,amount_cny,"百万元（元÷1,000,000）",N,.refs/tushare-docs/33.md
withdra_biz_devfund,提取企业发展基金,raw_tushare,income,float,33,amount_cny,"百万元（元÷1,000,000）",N,.refs/tushare-docs/33.md
withdra_legal_pubfund,提取法定公益金,raw_tushare,income,float,33,amount_cny,"百万元（元÷1,000,000）",N,.refs/tushare-docs/33.md
withdra_legal_surplus,提取法定盈余公积,raw_tushare,income,float,33,amount_cny,"百万元（元÷1,000,000）",N,.refs/tushare-docs/33.md
withdra_oth_ersu,提取任意盈余公积金,raw_tushare,income,float,33,amount_cny,"百万元（元÷1,000,000）",N,.refs/tushare-docs/33.md
withdra_rese_fund,提取储备基金,raw_tushare,income,float,33,amount_cny,"百万元（元÷1,000,000）",N,.refs/tushare-docs/33.md
workers_welfare,职工奖金福利,raw_tushare,income,float,33,amount_cny,"百万元（元÷1,000,000）",N,.refs/tushare-docs/33.md
acc_exp,预提费用,raw_tushare,balancesheet,float,36,amount_cny,"百万元（元÷1,000,000）",N,.refs/tushare-docs/36.md
acc_receivable,应收款项,raw_tushare,balancesheet,float,36,amount_cny,"百万元（元÷1,000,000）",N,.refs/tushare-docs/36.md
accounts_pay,应付票据及应付账款,raw_tushare,balancesheet,float,36,amount_cny,"百万元（元÷1,000,000）",N,.refs/tushare-docs/36.md
accounts_receiv,应收账款,raw_tushare,balancesheet,float,36,amount_cny,"百万元（元÷1,000,000）",N,.refs/tushare-docs/36.md
accounts_receiv_bill,应收票据及应收账款,raw_tushare,balancesheet,float,36,amount_cny,"百万元（元÷1,000,000）",N,.refs/tushare-docs/36.md
acct_payable,应付账款,raw_tushare,balancesheet,float,36,amount_cny,"百万元（元÷1,000,000）",N,.refs/tushare-docs/36.md
acting_trading_sec,代理买卖证券款,raw_tushare,balancesheet,float,36,amount_cny,"百万元（元÷1,000,000）",N,.refs/tushare-docs/36.md
acting_uw_sec,代理承销证券款,raw_tushare,balancesheet,float,36,amount_cny,"百万元（元÷1,000,000）",N,.refs/tushare-docs/36.md
adv_receipts,预收款项,raw_tushare,balancesheet,float,36,amount_cny,"百万元（元÷1,000,000）",N,.refs/tushare-docs/36.md
agency_bus_liab,代理业务负债,raw_tushare,balancesheet,float,36,amount_cny,"百万元（元÷1,000,000）",N,.refs/tushare-docs/36.md
amor_exp,待摊费用,raw_tushare,balancesheet,float,36,amount_cny,"百万元（元÷1,000,000）",N,.refs/tushare-docs/36.md
bond_payable,应付债券,raw_tushare,balancesheet,float,36,amount_cny,"百万元（元÷1,000,000）",N,.refs/tushare-docs/36.md
cap_rese,资本公积金,raw_tushare,balancesheet,float,36,amount_cny,"百万元（元÷1,000,000）",N,.refs/tushare-docs/36.md
cash_reser_cb,现金及存放中央银行款项,raw_tushare,balancesheet,float,36,amount_cny,"百万元（元÷1,000,000）",N,.refs/tushare-docs/36.md
cb_borr,向中央银行借款,raw_tushare,balancesheet,float,36,amount_cny,"百万元（元÷1,000,000）",N,.refs/tushare-docs/36.md
cip,在建工程,raw_tushare,balancesheet,float,36,amount_cny,"百万元（元÷1,000,000）",N,.refs/tushare-docs/36.md
cip_total,在建工程(合计)(元),raw_tushare,balancesheet,float,36,amount_cny,"百万元（元÷1,000,000）",N,.refs/tushare-docs/36.md
client_depos,其中：客户资金存款,raw_tushare,balancesheet,float,36,amount_cny,"百万元（元÷1,000,000）",N,.refs/tushare-docs/36.md
client_prov,其中：客户备付金,raw_tushare,balancesheet,float,36,amount_cny,"百万元（元÷1,000,000）",N,.refs/tushare-docs/36.md
comm_payable,应付手续费及佣金,raw_tushare,balancesheet,float,36,amount_cny,"百万元（元÷1,000,000）",N,.refs/tushare-docs/36.md
const_materials,工程物资,raw_tushare,balancesheet,float,36,amount_cny,"百万元（元÷1,000,000）",N,.refs/tushare-docs/36.md
contract_assets,合同资产,raw_tushare,balancesheet,float,36,amount_cny,"百万元（元÷1,000,000）",N,.refs/tushare-docs/36.md
contract_liab,合同负债,raw_tushare,balancesheet,float,36,amount_cny,"百万元（元÷1,000,000）",N,.refs/tushare-docs/36.md
cost_fin_assets,以摊余成本计量的金融资产,raw_tushare,balancesheet,float,36,amount_cny,"百万元（元÷1,000,000）",N,.refs/tushare-docs/36.md
debt_invest,债权投资(元),raw_tushare,balancesheet,float,36,amount_cny,"百万元（元÷1,000,000）",N,.refs/tushare-docs/36.md
decr_in_disbur,发放贷款及垫款,raw_tushare,balancesheet,float,36,amount_cny,"百万元（元÷1,000,000）",N,.refs/tushare-docs/36.md
defer_inc_non_cur_liab,递延收益-非流动负债,raw_tushare,balancesheet,float,36,amount_cny,"百万元（元÷1,000,000）",N,.refs/tushare-docs/36.md
defer_tax_assets,递延所得税资产,raw_tushare,balancesheet,float,36,amount_cny,"百万元（元÷1,000,000）",N,.refs/tushare-docs/36.md
defer_tax_liab,递延所得税负债,raw_tushare,balancesheet,float,36,amount_cny,"百万元（元÷1,000,000）",N,.refs/tushare-docs/36.md
deferred_inc,递延收益,raw_tushare,balancesheet,float,36,amount_cny,"百万元（元÷1,000,000）",N,.refs/tushare-docs/36.md
depos,吸收存款,raw_tushare,balancesheet,float,36,amount_cny,"百万元（元÷1,000,000）",N,.refs/tushare-docs/36.md
depos_ib_deposits,吸收存款及同业存放,raw_tushare,balancesheet,float,36,amount_cny,"百万元（元÷1,000,000）",N,.refs/tushare-docs/36.md
depos_in_oth_bfi,存放同业和其它金融机构款项,raw_tushare,balancesheet,float,36,amount_cny,"百万元（元÷1,000,000）",N,.refs/tushare-docs/36.md
depos_oth_bfi,同业和其它金融机构存放款项,raw_tushare,balancesheet,float,36,amount_cny,"百万元（元÷1,000,000）",N,.refs/tushare-docs/36.md
depos_received,存入保证金,raw_tushare,balancesheet,float,36,amount_cny,"百万元（元÷1,000,000）",N,.refs/tushare-docs/36.md
deriv_assets,衍生金融资产,raw_tushare,balancesheet,float,36,amount_cny,"百万元（元÷1,000,000）",N,.refs/tushare-docs/36.md
deriv_liab,衍生金融负债,raw_tushare,balancesheet,float,36,amount_cny,"百万元（元÷1,000,000）",N,.refs/tushare-docs/36.md
div_payable,应付股利,raw_tushare,balancesheet,float,36,amount_cny,"百万元（元÷1,000,000）",N,.refs/tushare-docs/36.md
div_receiv,应收股利,raw_tushare,balancesheet,float,36,amount_cny,"百万元（元÷1,000,000）",N,.refs/tushare-docs/36.md
estimated_liab,预计负债,raw_tushare,balancesheet,float,36,amount_cny,"百万元（元÷1,000,000）",N,.refs/tushare-docs/36.md
fa_avail_for_sale,可供出售金融资产,raw_tushare,balancesheet,float,36,amount_cny,"百万元（元÷1,000,000）",N,.refs/tushare-docs/36.md
fair_value_fin_assets,以公允价值计量且其变动计入其他综合收益的金融资产,raw_tushare,balancesheet,float,36,amount_cny,"百万元（元÷1,000,000）",N,.refs/tushare-docs/36.md
fix_assets,固定资产,raw_tushare,balancesheet,float,36,amount_cny,"百万元（元÷1,000,000）",N,.refs/tushare-docs/36.md
fix_assets_total,固定资产(合计)(元),raw_tushare,balancesheet,float,36,amount_cny,"百万元（元÷1,000,000）",N,.refs/tushare-docs/36.md
fixed_assets_disp,固定资产清理,raw_tushare,balancesheet,float,36,amount_cny,"百万元（元÷1,000,000）",N,.refs/tushare-docs/36.md
forex_differ,外币报表折算差额,raw_tushare,balancesheet,float,36,amount_cny,"百万元（元÷1,000,000）",N,.refs/tushare-docs/36.md
goodwill,商誉,raw_tushare,balancesheet,float,36,amount_cny,"百万元（元÷1,000,000）",N,.refs/tushare-docs/36.md
hfs_assets,持有待售的资产,raw_tushare,balancesheet,float,36,amount_cny,"百万元（元÷1,000,000）",N,.refs/tushare-docs/36.md
hfs_sales,持有待售的负债,raw_tushare,balancesheet,float,36,amount_cny,"百万元（元÷1,000,000）",N,.refs/tushare-docs/36.md
htm_invest,持有至到期投资,raw_tushare,balancesheet,float,36,amount_cny,"百万元（元÷1,000,000）",N,.refs/tushare-docs/36.md
indem_payable,应付赔付款,raw_tushare,balancesheet,float,36,amount_cny,"百万元（元÷1,000,000）",N,.refs/tushare-docs/36.md
indep_acct_assets,独立账户资产,raw_tushare,balancesheet,float,36,amount_cny,"百万元（元÷1,000,000）",N,.refs/tushare-docs/36.md
indept_acc_liab,独立账户负债,raw_tushare,balancesheet,float,36,amount_cny,"百万元（元÷1,000,000）",N,.refs/tushare-docs/36.md
int_payable,应付利息,raw_tushare,balancesheet,float,36,amount_cny,"百万元（元÷1,000,000）",N,.refs/tushare-docs/36.md
int_receiv,应收利息,raw_tushare,balancesheet,float,36,amount_cny,"百万元（元÷1,000,000）",N,.refs/tushare-docs/36.md
intan_assets,无形资产,raw_tushare,balancesheet,float,36,amount_cny,"百万元（元÷1,000,000）",N,.refs/tushare-docs/36.md
inventories,存货,raw_tushare,balancesheet,float,36,amount_cny,"百万元（元÷1,000,000）",N,.refs/tushare-docs/36.md
invest_as_receiv,应收款项类投资,raw_tushare,balancesheet,float,36,amount_cny,"百万元（元÷1,000,000）",N,.refs/tushare-docs/36.md
invest_loss_unconf,未确认的投资损失,raw_tushare,balancesheet,float,36,amount_cny,"百万元（元÷1,000,000）",N,.refs/tushare-docs/36.md
invest_real_estate,投资性房地产,raw_tushare,balancesheet,float,36,amount_cny,"百万元（元÷1,000,000）",N,.refs/tushare-docs/36.md
lease_liab,租赁负债,raw_tushare,balancesheet,float,36,amount_cny,"百万元（元÷1,000,000）",N,.refs/tushare-docs/36.md
lending_funds,融出资金,raw_tushare,balancesheet,float,36,amount_cny,"百万元（元÷1,000,000）",N,.refs/tushare-docs/36.md
loan_oth_bank,拆入资金,raw_tushare,balancesheet,float,36,amount_cny,"百万元（元÷1,000,000）",N,.refs/tushare-docs/36.md
loanto_oth_bank_fi,拆出资金,raw_tushare,balancesheet,float,36,amount_cny,"百万元（元÷1,000,000）",N,.refs/tushare-docs/36.md
long_pay_total,长期应付款(合计)(元),raw_tushare,balancesheet,float,36,amount_cny,"百万元（元÷1,000,000）",N,.refs/tushare-docs/36.md
lt_amor_exp,长期待摊费用,raw_tushare,balancesheet,float,36,amount_cny,"百万元（元÷1,000,000）",N,.refs/tushare-docs/36.md
lt_borr,长期借款,raw_tushare,balancesheet,float,36,amount_cny,"百万元（元÷1,000,000）",N,.refs/tushare-docs/36.md
lt_eqt_invest,长期股权投资,raw_tushare,balancesheet,float,36,amount_cny,"百万元（元÷1,000,000）",N,.refs/tushare-docs/36.md
lt_payable,长期应付款,raw_tushare,balancesheet,float,36,amount_cny,"百万元（元÷1,000,000）",N,.refs/tushare-docs/36.md
lt_payroll_payable,长期应付职工薪酬,raw_tushare,balancesheet,float,36,amount_cny,"百万元（元÷1,000,000）",N,.refs/tushare-docs/36.md
lt_rec,长期应收款,raw_tushare,balancesheet,float,36,amount_cny,"百万元（元÷1,000,000）",N,.refs/tushare-docs/36.md
minority_int,少数股东权益,raw_tushare,balancesheet,float,36,amount_cny,"百万元（元÷1,000,000）",N,.refs/tushare-docs/36.md
money_cap,货币资金,raw_tushare,balancesheet,float,36,amount_cny,"百万元（元÷1,000,000）",N,.refs/tushare-docs/36.md
nca_within_1y,一年内到期的非流动资产,raw_tushare,balancesheet,float,36,amount_cny,"百万元（元÷1,000,000）",N,.refs/tushare-docs/36.md
non_cur_liab_due_1y,一年内到期的非流动负债,raw_tushare,balancesheet,float,36,amount_cny,"百万元（元÷1,000,000）",N,.refs/tushare-docs/36.md
notes_payable,应付票据,raw_tushare,balancesheet,float,36,amount_cny,"百万元（元÷1,000,000）",N,.refs/tushare-docs/36.md
notes_receiv,应收票据,raw_tushare,balancesheet,float,36,amount_cny,"百万元（元÷1,000,000）",N,.refs/tushare-docs/36.md
oil_and_gas_assets,油气资产,raw_tushare,balancesheet,float,36,amount_cny,"百万元（元÷1,000,000）",N,.refs/tushare-docs/36.md
ordin_risk_reser,一般风险准备,raw_tushare,balancesheet,float,36,amount_cny,"百万元（元÷1,000,000）",N,.refs/tushare-docs/36.md
oth_assets,其他资产,raw_tushare,balancesheet,float,36,amount_cny,"百万元（元÷1,000,000）",N,.refs/tushare-docs/36.md
oth_comp_income,其他综合收益,raw_tushare,balancesheet,float,36,amount_cny,"百万元（元÷1,000,000）",N,.refs/tushare-docs/36.md
oth_cur_assets,其他流动资产,raw_tushare,balancesheet,float,36,amount_cny,"百万元（元÷1,000,000）",N,.refs/tushare-docs/36.md
oth_cur_liab,其他流动负债,raw_tushare,balancesheet,float,36,amount_cny,"百万元（元÷1,000,000）",N,.refs/tushare-docs/36.md
oth_debt_invest,其他债权投资(元),raw_tushare,balancesheet,float,36,amount_cny,"百万元（元÷1,000,000）",N,.refs/tushare-docs/36.md
oth_eq_invest,其他权益工具投资(元),raw_tushare,balancesheet,float,36,amount_cny,"百万元（元÷1,000,000）",N,.refs/tushare-docs/36.md
oth_eq_ppbond,其他权益工具:永续债(元),raw_tushare,balancesheet,float,36,amount_cny,"百万元（元÷1,000,000）",N,.refs/tushare-docs/36.md
oth_eqt_tools,其他权益工具,raw_tushare,balancesheet,float,36,amount_cny,"百万元（元÷1,000,000）",N,.refs/tushare-docs/36.md
oth_eqt_tools_p_shr,其他权益工具(优先股),raw_tushare,balancesheet,float,36,amount_cny,"百万元（元÷1,000,000）",N,.refs/tushare-docs/36.md
oth_illiq_fin_assets,其他非流动金融资产(元),raw_tushare,balancesheet,float,36,amount_cny,"百万元（元÷1,000,000）",N,.refs/tushare-docs/36.md
oth_liab,其他负债,raw_tushare,balancesheet,float,36,amount_cny,"百万元（元÷1,000,000）",N,.refs/tushare-docs/36.md
oth_nca,其他非流动资产,raw_tushare,balancesheet,float,36,amount_cny,"百万元（元÷1,000,000）",N,.refs/tushare-docs/36.md
oth_ncl,其他非流动负债,raw_tushare,balancesheet,float,36,amount_cny,"百万元（元÷1,000,000）",N,.refs/tushare-docs/36.md
oth_pay_total,其他应付款(合计)(元),raw_tushare,balancesheet,float,36,amount_cny,"百万元（元÷1,000,000）",N,.refs/tushare-docs/36.md
oth_payable,其他应付款,raw_tushare,balancesheet,float,36,amount_cny,"百万元（元÷1,000,000）",N,.refs/tushare-docs/36.md
oth_rcv_total,其他应收款(合计)（元）,raw_tushare,balancesheet,float,36,amount_cny,"百万元（元÷1,000,000）",N,.refs/tushare-docs/36.md
oth_receiv,其他应收款,raw_tushare,balancesheet,float,36,amount_cny,"百万元（元÷1,000,000）",N,.refs/tushare-docs/36.md
payable_to_reinsurer,应付分保账款,raw_tushare,balancesheet,float,36,amount_cny,"百万元（元÷1,000,000）",N,.refs/tushare-docs/36.md
payables,应付款项,raw_tushare,balancesheet,float,36,amount_cny,"百万元（元÷1,000,000）",N,.refs/tushare-docs/36.md
payroll_payable,应付职工薪酬,raw_tushare,balancesheet,float,36,amount_cny,"百万元（元÷1,000,000）",N,.refs/tushare-docs/36.md
ph_invest,保户储金及投资款,raw_tushare,balancesheet,float,36,amount_cny,"百万元（元÷1,000,000）",N,.refs/tushare-docs/36.md
ph_pledge_loans,保户质押贷款,raw_tushare,balancesheet,float,36,amount_cny,"百万元（元÷1,000,000）",N,.refs/tushare-docs/36.md
pledge_borr,其中:质押借款,raw_tushare,balancesheet,float,36,amount_cny,"百万元（元÷1,000,000）",N,.refs/tushare-docs/36.md
policy_div_payable,应付保单红利,raw_tushare,balancesheet,float,36,amount_cny,"百万元（元÷1,000,000）",N,.refs/tushare-docs/36.md
prec_metals,贵金属,raw_tushare,balancesheet,float,36,amount_cny,"百万元（元÷1,000,000）",N,.refs/tushare-docs/36.md
prem_receiv_adva,预收保费,raw_tushare,balancesheet,float,36,amount_cny,"百万元（元÷1,000,000）",N,.refs/tushare-docs/36.md
premium_receiv,应收保费,raw_tushare,balancesheet,float,36,amount_cny,"百万元（元÷1,000,000）",N,.refs/tushare-docs/36.md
prepayment,预付款项,raw_tushare,balancesheet,float,36,amount_cny,"百万元（元÷1,000,000）",N,.refs/tushare-docs/36.md
produc_bio_assets,生产性生物资产,raw_tushare,balancesheet,float,36,amount_cny,"百万元（元÷1,000,000）",N,.refs/tushare-docs/36.md
pur_resale_fa,买入返售金融资产,raw_tushare,balancesheet,float,36,amount_cny,"百万元（元÷1,000,000）",N,.refs/tushare-docs/36.md
r_and_d,研发支出,raw_tushare,balancesheet,float,36,amount_cny,"百万元（元÷1,000,000）",N,.refs/tushare-docs/36.md
receiv_financing,应收款项融资,raw_tushare,balancesheet,float,36,amount_cny,"百万元（元÷1,000,000）",N,.refs/tushare-docs/36.md
refund_cap_depos,存出资本保证金,raw_tushare,balancesheet,float,36,amount_cny,"百万元（元÷1,000,000）",N,.refs/tushare-docs/36.md
refund_depos,存出保证金,raw_tushare,balancesheet,float,36,amount_cny,"百万元（元÷1,000,000）",N,.refs/tushare-docs/36.md
reinsur_receiv,应收分保账款,raw_tushare,balancesheet,float,36,amount_cny,"百万元（元÷1,000,000）",N,.refs/tushare-docs/36.md
reinsur_res_receiv,应收分保合同准备金,raw_tushare,balancesheet,float,36,amount_cny,"百万元（元÷1,000,000）",N,.refs/tushare-docs/36.md
reser_lins_liab,寿险责任准备金,raw_tushare,balancesheet,float,36,amount_cny,"百万元（元÷1,000,000）",N,.refs/tushare-docs/36.md
reser_lthins_liab,长期健康险责任准备金,raw_tushare,balancesheet,float,36,amount_cny,"百万元（元÷1,000,000）",N,.refs/tushare-docs/36.md
reser_outstd_claims,未决赔款准备金,raw_tushare,balancesheet,float,36,amount_cny,"百万元（元÷1,000,000）",N,.refs/tushare-docs/36.md
reser_une_prem,未到期责任准备金,raw_tushare,balancesheet,float,36,amount_cny,"百万元（元÷1,000,000）",N,.refs/tushare-docs/36.md
rr_reins_lins_liab,应收分保寿险责任准备金,raw_tushare,balancesheet,float,36,amount_cny,"百万元（元÷1,000,000）",N,.refs/tushare-docs/36.md
rr_reins_lthins_liab,应收分保长期健康险责任准备金,raw_tushare,balancesheet,float,36,amount_cny,"百万元（元÷1,000,000）",N,.refs/tushare-docs/36.md
rr_reins_outstd_cla,应收分保未决赔款准备金,raw_tushare,balancesheet,float,36,amount_cny,"百万元（元÷1,000,000）",N,.refs/tushare-docs/36.md
rr_reins_une_prem,应收分保未到期责任准备金,raw_tushare,balancesheet,float,36,amount_cny,"百万元（元÷1,000,000）",N,.refs/tushare-docs/36.md
rsrv_insur_cont,保险合同准备金,raw_tushare,balancesheet,float,36,amount_cny,"百万元（元÷1,000,000）",N,.refs/tushare-docs/36.md
sett_rsrv,结算备付金,raw_tushare,balancesheet,float,36,amount_cny,"百万元（元÷1,000,000）",N,.refs/tushare-docs/36.md
sold_for_repur_fa,卖出回购金融资产款,raw_tushare,balancesheet,float,36,amount_cny,"百万元（元÷1,000,000）",N,.refs/tushare-docs/36.md
special_rese,专项储备,raw_tushare,balancesheet,float,36,amount_cny,"百万元（元÷1,000,000）",N,.refs/tushare-docs/36.md
specific_payables,专项应付款,raw_tushare,balancesheet,float,36,amount_cny,"百万元（元÷1,000,000）",N,.refs/tushare-docs/36.md
st_bonds_payable,应付短期债券,raw_tushare,balancesheet,float,36,amount_cny,"百万元（元÷1,000,000）",N,.refs/tushare-docs/36.md
st_borr,短期借款,raw_tushare,balancesheet,float,36,amount_cny,"百万元（元÷1,000,000）",N,.refs/tushare-docs/36.md
st_fin_payable,应付短期融资款,raw_tushare,balancesheet,float,36,amount_cny,"百万元（元÷1,000,000）",N,.refs/tushare-docs/36.md
surplus_rese,盈余公积金,raw_tushare,balancesheet,float,36,amount_cny,"百万元（元÷1,000,000）",N,.refs/tushare-docs/36.md
taxes_payable,应交税费,raw_tushare,balancesheet,float,36,amount_cny,"百万元（元÷1,000,000）",N,.refs/tushare-docs/36.md
time_deposits,定期存款,raw_tushare,balancesheet,float,36,amount_cny,"百万元（元÷1,000,000）",N,.refs/tushare-docs/36.md
total_assets,资产总计,raw_tushare,balancesheet,float,36,amount_cny,"百万元（元÷1,000,000）",Y,.refs/tushare-docs/36.md
total_cur_assets,流动资产合计,raw_tushare,balancesheet,float,36,amount_cny,"百万元（元÷1,000,000）",N,.refs/tushare-docs/36.md
total_cur_liab,流动负债合计,raw_tushare,balancesheet,float,36,amount_cny,"百万元（元÷1,000,000）",N,.refs/tushare-docs/36.md
total_hldr_eqy_exc_min_int,股东权益合计(不含少数股东权益),raw_tushare,balancesheet,float,36,amount_cny,"百万元（元÷1,000,000）",N,.refs/tushare-docs/36.md
total_hldr_eqy_inc_min_int,股东权益合计(含少数股东权益),raw_tushare,balancesheet,float,36,amount_cny,"百万元（元÷1,000,000）",Y,.refs/tushare-docs/36.md
total_liab,负债合计,raw_tushare,balancesheet,float,36,amount_cny,"百万元（元÷1,000,000）",Y,.refs/tushare-docs/36.md
total_liab_hldr_eqy,负债及股东权益总计,raw_tushare,balancesheet,float,36,amount_cny,"百万元（元÷1,000,000）",N,.refs/tushare-docs/36.md
total_nca,非流动资产合计,raw_tushare,balancesheet,float,36,amount_cny,"百万元（元÷1,000,000）",N,.refs/tushare-docs/36.md
total_ncl,非流动负债合计,raw_tushare,balancesheet,float,36,amount_cny,"百万元（元÷1,000,000）",N,.refs/tushare-docs/36.md
total_share,期末总股本,raw_tushare,balancesheet,float,36,share,"百万股（股÷1,000,000）",N,.refs/tushare-docs/36.md
trad_asset,交易性金融资产,raw_tushare,balancesheet,float,36,amount_cny,"百万元（元÷1,000,000）",N,.refs/tushare-docs/36.md
trading_fl,交易性金融负债,raw_tushare,balancesheet,float,36,amount_cny,"百万元（元÷1,000,000）",N,.refs/tushare-docs/36.md
transac_seat_fee,其中:交易席位费,raw_tushare,balancesheet,float,36,amount_cny,"百万元（元÷1,000,000）",N,.refs/tushare-docs/36.md
treasury_share,减:库存股,raw_tushare,balancesheet,float,36,amount_cny,"百万元（元÷1,000,000）",N,.refs/tushare-docs/36.md
undistr_porfit,未分配利润,raw_tushare,balancesheet,float,36,amount_cny,"百万元（元÷1,000,000）",N,.refs/tushare-docs/36.md
use_right_assets,使用权资产,raw_tushare,balancesheet,float,36,amount_cny,"百万元（元÷1,000,000）",N,.refs/tushare-docs/36.md
amort_intang_assets,无形资产摊销,raw_tushare,cashflow,float,44,amount_cny,"百万元（元÷1,000,000）",N,.refs/tushare-docs/44.md
beg_bal_cash,减:现金的期初余额,raw_tushare,cashflow,float,44,amount_cny,"百万元（元÷1,000,000）",N,.refs/tushare-docs/44.md
beg_bal_cash_equ,减:现金等价物的期初余额,raw_tushare,cashflow,float,44,amount_cny,"百万元（元÷1,000,000）",N,.refs/tushare-docs/44.md
c_cash_equ_beg_period,期初现金及现金等价物余额,raw_tushare,cashflow,float,44,amount_cny,"百万元（元÷1,000,000）",N,.refs/tushare-docs/44.md
c_cash_equ_end_period,期末现金及现金等价物余额,raw_tushare,cashflow,float,44,amount_cny,"百万元（元÷1,000,000）",N,.refs/tushare-docs/44.md
c_disp_withdrwl_invest,收回投资收到的现金,raw_tushare,cashflow,float,44,amount_cny,"百万元（元÷1,000,000）",N,.refs/tushare-docs/44.md
c_fr_oth_operate_a,收到其他与经营活动有关的现金,raw_tushare,cashflow,float,44,amount_cny,"百万元（元÷1,000,000）",N,.refs/tushare-docs/44.md
c_fr_sale_sg,销售商品、提供劳务收到的现金,raw_tushare,cashflow,float,44,amount_cny,"百万元（元÷1,000,000）",N,.refs/tushare-docs/44.md
c_inf_fr_operate_a,经营活动现金流入小计,raw_tushare,cashflow,float,44,amount_cny,"百万元（元÷1,000,000）",N,.refs/tushare-docs/44.md
c_paid_for_taxes,支付的各项税费,raw_tushare,cashflow,float,44,amount_cny,"百万元（元÷1,000,000）",N,.refs/tushare-docs/44.md
c_paid_goods_s,购买商品、接受劳务支付的现金,raw_tushare,cashflow,float,44,amount_cny,"百万元（元÷1,000,000）",N,.refs/tushare-docs/44.md
c_paid_invest,投资支付的现金,raw_tushare,cashflow,float,44,amount_cny,"百万元（元÷1,000,000）",N,.refs/tushare-docs/44.md
c_paid_to_for_empl,支付给职工以及为职工支付的现金,raw_tushare,cashflow,float,44,amount_cny,"百万元（元÷1,000,000）",N,.refs/tushare-docs/44.md
c_pay_acq_const_fiolta,购建固定资产、无形资产和其他长期资产支付的现金,raw_tushare,cashflow,float,44,amount_cny,"百万元（元÷1,000,000）",Y,.refs/tushare-docs/44.md
c_pay_claims_orig_inco,支付原保险合同赔付款项的现金,raw_tushare,cashflow,float,44,amount_cny,"百万元（元÷1,000,000）",N,.refs/tushare-docs/44.md
c_pay_dist_dpcp_int_exp,分配股利、利润或偿付利息支付的现金,raw_tushare,cashflow,float,44,amount_cny,"百万元（元÷1,000,000）",N,.refs/tushare-docs/44.md
c_prepay_amt_borr,偿还债务支付的现金,raw_tushare,cashflow,float,44,amount_cny,"百万元（元÷1,000,000）",N,.refs/tushare-docs/44.md
c_recp_borrow,取得借款收到的现金,raw_tushare,cashflow,float,44,amount_cny,"百万元（元÷1,000,000）",N,.refs/tushare-docs/44.md
c_recp_cap_contrib,吸收投资收到的现金,raw_tushare,cashflow,float,44,amount_cny,"百万元（元÷1,000,000）",N,.refs/tushare-docs/44.md
c_recp_return_invest,取得投资收益收到的现金,raw_tushare,cashflow,float,44,amount_cny,"百万元（元÷1,000,000）",N,.refs/tushare-docs/44.md
conv_copbonds_due_within_1y,一年内到期的可转换公司债券,raw_tushare,cashflow,float,44,amount_cny,"百万元（元÷1,000,000）",N,.refs/tushare-docs/44.md
conv_debt_into_cap,债务转为资本,raw_tushare,cashflow,float,44,amount_cny,"百万元（元÷1,000,000）",N,.refs/tushare-docs/44.md
credit_impa_loss,信用减值损失,raw_tushare,cashflow,float,44,amount_cny,"百万元（元÷1,000,000）",N,.refs/tushare-docs/44.md
decr_def_inc_tax_assets,递延所得税资产减少,raw_tushare,cashflow,float,44,amount_cny,"百万元（元÷1,000,000）",N,.refs/tushare-docs/44.md
decr_deferred_exp,待摊费用减少,raw_tushare,cashflow,float,44,amount_cny,"百万元（元÷1,000,000）",N,.refs/tushare-docs/44.md
decr_inventories,存货的减少,raw_tushare,cashflow,float,44,amount_cny,"百万元（元÷1,000,000）",N,.refs/tushare-docs/44.md
decr_oper_payable,经营性应收项目的减少,raw_tushare,cashflow,float,44,amount_cny,"百万元（元÷1,000,000）",N,.refs/tushare-docs/44.md
depr_fa_coga_dpba,固定资产折旧、油气资产折耗、生产性生物资产折旧,raw_tushare,cashflow,float,44,amount_cny,"百万元（元÷1,000,000）",N,.refs/tushare-docs/44.md
eff_fx_flu_cash,汇率变动对现金的影响,raw_tushare,cashflow,float,44,amount_cny,"百万元（元÷1,000,000）",N,.refs/tushare-docs/44.md
end_bal_cash,现金的期末余额,raw_tushare,cashflow,float,44,amount_cny,"百万元（元÷1,000,000）",N,.refs/tushare-docs/44.md
end_bal_cash_equ,加:现金等价物的期末余额,raw_tushare,cashflow,float,44,amount_cny,"百万元（元÷1,000,000）",N,.refs/tushare-docs/44.md
fa_fnc_leases,融资租入固定资产,raw_tushare,cashflow,float,44,amount_cny,"百万元（元÷1,000,000）",N,.refs/tushare-docs/44.md
finan_exp,财务费用,raw_tushare,cashflow,float,44,amount_cny,"百万元（元÷1,000,000）",N,.refs/tushare-docs/44.md
free_cashflow,企业自由现金流量,raw_tushare,cashflow,float,44,amount_cny,"百万元（元÷1,000,000）",N,.refs/tushare-docs/44.md
ifc_cash_incr,收取利息和手续费净增加额,raw_tushare,cashflow,float,44,amount_cny,"百万元（元÷1,000,000）",N,.refs/tushare-docs/44.md
im_n_incr_cash_equ,现金及现金等价物净增加额(间接法),raw_tushare,cashflow,float,44,amount_cny,"百万元（元÷1,000,000）",N,.refs/tushare-docs/44.md
im_net_cashflow_oper_act,经营活动产生的现金流量净额(间接法),raw_tushare,cashflow,float,44,amount_cny,"百万元（元÷1,000,000）",N,.refs/tushare-docs/44.md
incl_cash_rec_saims,其中:子公司吸收少数股东投资收到的现金,raw_tushare,cashflow,float,44,amount_cny,"百万元（元÷1,000,000）",N,.refs/tushare-docs/44.md
incl_dvd_profit_paid_sc_ms,其中:子公司支付给少数股东的股利、利润,raw_tushare,cashflow,float,44,amount_cny,"百万元（元÷1,000,000）",N,.refs/tushare-docs/44.md
incr_acc_exp,预提费用增加,raw_tushare,cashflow,float,44,amount_cny,"百万元（元÷1,000,000）",N,.refs/tushare-docs/44.md
incr_def_inc_tax_liab,递延所得税负债增加,raw_tushare,cashflow,float,44,amount_cny,"百万元（元÷1,000,000）",N,.refs/tushare-docs/44.md
incr_oper_payable,经营性应付项目的增加,raw_tushare,cashflow,float,44,amount_cny,"百万元（元÷1,000,000）",N,.refs/tushare-docs/44.md
invest_loss,投资损失,raw_tushare,cashflow,float,44,amount_cny,"百万元（元÷1,000,000）",N,.refs/tushare-docs/44.md
loss_disp_fiolta,处置固定、无形资产和其他长期资产的损失,raw_tushare,cashflow,float,44,amount_cny,"百万元（元÷1,000,000）",N,.refs/tushare-docs/44.md
loss_fv_chg,公允价值变动损失,raw_tushare,cashflow,float,44,amount_cny,"百万元（元÷1,000,000）",N,.refs/tushare-docs/44.md
loss_scr_fa,固定资产报废损失,raw_tushare,cashflow,float,44,amount_cny,"百万元（元÷1,000,000）",N,.refs/tushare-docs/44.md
lt_amort_deferred_exp,长期待摊费用摊销,raw_tushare,cashflow,float,44,amount_cny,"百万元（元÷1,000,000）",N,.refs/tushare-docs/44.md
n_cap_incr_repur,回购业务资金净增加额,raw_tushare,cashflow,float,44,amount_cny,"百万元（元÷1,000,000）",N,.refs/tushare-docs/44.md
n_cash_flows_fnc_act,筹资活动产生的现金流量净额,raw_tushare,cashflow,float,44,amount_cny,"百万元（元÷1,000,000）",Y,.refs/tushare-docs/44.md
n_cashflow_act,经营活动产生的现金流量净额,raw_tushare,cashflow,float,44,amount_cny,"百万元（元÷1,000,000）",Y,.refs/tushare-docs/44.md
n_cashflow_inv_act,投资活动产生的现金流量净额,raw_tushare,cashflow,float,44,amount_cny,"百万元（元÷1,000,000）",Y,.refs/tushare-docs/44.md
n_depos_incr_fi,客户存款和同业存放款项净增加额,raw_tushare,cashflow,float,44,amount_cny,"百万元（元÷1,000,000）",N,.refs/tushare-docs/44.md
n_disp_subs_oth_biz,取得子公司及其他营业单位支付的现金净额,raw_tushare,cashflow,float,44,amount_cny,"百万元（元÷1,000,000）",N,.refs/tushare-docs/44.md
n_inc_borr_oth_fi,向其他金融机构拆入资金净增加额,raw_tushare,cashflow,float,44,amount_cny,"百万元（元÷1,000,000）",N,.refs/tushare-docs/44.md
n_incr_cash_cash_equ,现金及现金等价物净增加额,raw_tushare,cashflow,float,44,amount_cny,"百万元（元÷1,000,000）",Y,.refs/tushare-docs/44.md
n_incr_clt_loan_adv,客户贷款及垫款净增加额,raw_tushare,cashflow,float,44,amount_cny,"百万元（元÷1,000,000）",N,.refs/tushare-docs/44.md
n_incr_dep_cbob,存放央行和同业款项净增加额,raw_tushare,cashflow,float,44,amount_cny,"百万元（元÷1,000,000）",N,.refs/tushare-docs/44.md
n_incr_disp_faas,处置可供出售金融资产净增加额,raw_tushare,cashflow,float,44,amount_cny,"百万元（元÷1,000,000）",N,.refs/tushare-docs/44.md
n_incr_disp_tfa,处置交易性金融资产净增加额,raw_tushare,cashflow,float,44,amount_cny,"百万元（元÷1,000,000）",N,.refs/tushare-docs/44.md
n_incr_insured_dep,保户储金净增加额,raw_tushare,cashflow,float,44,amount_cny,"百万元（元÷1,000,000）",N,.refs/tushare-docs/44.md
n_incr_loans_cb,向中央银行借款净增加额,raw_tushare,cashflow,float,44,amount_cny,"百万元（元÷1,000,000）",N,.refs/tushare-docs/44.md
n_incr_loans_oth_bank,拆入资金净增加额,raw_tushare,cashflow,float,44,amount_cny,"百万元（元÷1,000,000）",N,.refs/tushare-docs/44.md
n_incr_pledge_loan,质押贷款净增加额,raw_tushare,cashflow,float,44,amount_cny,"百万元（元÷1,000,000）",N,.refs/tushare-docs/44.md
n_recp_disp_fiolta,处置固定资产、无形资产和其他长期资产收回的现金净额,raw_tushare,cashflow,float,44,amount_cny,"百万元（元÷1,000,000）",N,.refs/tushare-docs/44.md
n_recp_disp_sobu,处置子公司及其他营业单位收到的现金净额,raw_tushare,cashflow,float,44,amount_cny,"百万元（元÷1,000,000）",N,.refs/tushare-docs/44.md
n_reinsur_prem,收到再保业务现金净额,raw_tushare,cashflow,float,44,amount_cny,"百万元（元÷1,000,000）",N,.refs/tushare-docs/44.md
net_cash_rece_sec,代理买卖证券收到的现金净额(元),raw_tushare,cashflow,float,44,amount_cny,"百万元（元÷1,000,000）",N,.refs/tushare-docs/44.md
net_dism_capital_add,拆出资金净增加额,raw_tushare,cashflow,float,44,amount_cny,"百万元（元÷1,000,000）",N,.refs/tushare-docs/44.md
net_profit,净利润,raw_tushare,cashflow,float,44,amount_cny,"百万元（元÷1,000,000）",N,.refs/tushare-docs/44.md
oth_cash_pay_oper_act,支付其他与经营活动有关的现金,raw_tushare,cashflow,float,44,amount_cny,"百万元（元÷1,000,000）",N,.refs/tushare-docs/44.md
oth_cash_recp_ral_fnc_act,收到其他与筹资活动有关的现金,raw_tushare,cashflow,float,44,amount_cny,"百万元（元÷1,000,000）",N,.refs/tushare-docs/44.md
oth_cashpay_ral_fnc_act,支付其他与筹资活动有关的现金,raw_tushare,cashflow,float,44,amount_cny,"百万元（元÷1,000,000）",N,.refs/tushare-docs/44.md
oth_loss_asset,其他资产减值损失,raw_tushare,cashflow,float,44,amount_cny,"百万元（元÷1,000,000）",N,.refs/tushare-docs/44.md
oth_pay_ral_inv_act,支付其他与投资活动有关的现金,raw_tushare,cashflow,float,44,amount_cny,"百万元（元÷1,000,000）",N,.refs/tushare-docs/44.md
oth_recp_ral_inv_act,收到其他与投资活动有关的现金,raw_tushare,cashflow,float,44,amount_cny,"百万元（元÷1,000,000）",N,.refs/tushare-docs/44.md
others,其他,raw_tushare,cashflow,float,44,amount_cny,"百万元（元÷1,000,000）",N,.refs/tushare-docs/44.md
pay_comm_insur_plcy,支付保单红利的现金,raw_tushare,cashflow,float,44,amount_cny,"百万元（元÷1,000,000）",N,.refs/tushare-docs/44.md
pay_handling_chrg,支付手续费的现金,raw_tushare,cashflow,float,44,amount_cny,"百万元（元÷1,000,000）",N,.refs/tushare-docs/44.md
prem_fr_orig_contr,收到原保险合同保费取得的现金,raw_tushare,cashflow,float,44,amount_cny,"百万元（元÷1,000,000）",N,.refs/tushare-docs/44.md
proc_issue_bonds,发行债券收到的现金,raw_tushare,cashflow,float,44,amount_cny,"百万元（元÷1,000,000）",N,.refs/tushare-docs/44.md
prov_depr_assets,加:资产减值准备,raw_tushare,cashflow,float,44,amount_cny,"百万元（元÷1,000,000）",N,.refs/tushare-docs/44.md
recp_tax_rends,收到的税费返还,raw_tushare,cashflow,float,44,amount_cny,"百万元（元÷1,000,000）",N,.refs/tushare-docs/44.md
st_cash_out_act,经营活动现金流出小计,raw_tushare,cashflow,float,44,amount_cny,"百万元（元÷1,000,000）",N,.refs/tushare-docs/44.md
stot_cash_in_fnc_act,筹资活动现金流入小计,raw_tushare,cashflow,float,44,amount_cny,"百万元（元÷1,000,000）",N,.refs/tushare-docs/44.md
stot_cashout_fnc_act,筹资活动现金流出小计,raw_tushare,cashflow,float,44,amount_cny,"百万元（元÷1,000,000）",N,.refs/tushare-docs/44.md
stot_inflows_inv_act,投资活动现金流入小计,raw_tushare,cashflow,float,44,amount_cny,"百万元（元÷1,000,000）",N,.refs/tushare-docs/44.md
stot_out_inv_act,投资活动现金流出小计,raw_tushare,cashflow,float,44,amount_cny,"百万元（元÷1,000,000）",N,.refs/tushare-docs/44.md
uncon_invest_loss,未确认投资损失,raw_tushare,cashflow,float,44,amount_cny,"百万元（元÷1,000,000）",N,.refs/tushare-docs/44.md
use_right_asset_dep,使用权资产折旧,raw_tushare,cashflow,float,44,amount_cny,"百万元（元÷1,000,000）",N,.refs/tushare-docs/44.md
revenue,营业收入,raw_annual/raw_quarterly,income,float,33,amount_cny,"百万元（元÷1,000,000）",Y,.refs/tushare-docs/33.md
total_revenue,营业总收入,raw_annual/raw_quarterly,income,float,33,amount_cny,"百万元（元÷1,000,000）",N,.refs/tushare-docs/33.md
oper_cost,减:营业成本,raw_annual/raw_quarterly,income,float,33,amount_cny,"百万元（元÷1,000,000）",N,.refs/tushare-docs/33.md
total_cogs,营业总成本,raw_annual/raw_quarterly,income,float,33,amount_cny,"百万元（元÷1,000,000）",N,.refs/tushare-docs/33.md
biz_tax_surchg,减:营业税金及附加,raw_annual/raw_quarterly,income,float,33,amount_cny,"百万元（元÷1,000,000）",N,.refs/tushare-docs/33.md
sell_exp,减:销售费用,raw_annual/raw_quarterly,income,float,33,amount_cny,"百万元（元÷1,000,000）",N,.refs/tushare-docs/33.md
admin_exp,减:管理费用,raw_annual/raw_quarterly,income,float,33,amount_cny,"百万元（元÷1,000,000）",N,.refs/tushare-docs/33.md
rd_exp,研发费用,raw_annual/raw_quarterly,income,float,33,amount_cny,"百万元（元÷1,000,000）",N,.refs/tushare-docs/33.md
fin_exp,减:财务费用,raw_annual/raw_quarterly,income,float,33,amount_cny,"百万元（元÷1,000,000）",N,.refs/tushare-docs/33.md
fin_exp_int_exp,财务费用:利息费用,raw_annual/raw_quarterly,income,float,33,amount_cny,"百万元（元÷1,000,000）",N,.refs/tushare-docs/33.md
fin_exp_int_inc,财务费用:利息收入,raw_annual/raw_quarterly,income,float,33,amount_cny,"百万元（元÷1,000,000）",N,.refs/tushare-docs/33.md
assets_impair_loss,减:资产减值损失,raw_annual/raw_quarterly,income,float,33,amount_cny,"百万元（元÷1,000,000）",N,.refs/tushare-docs/33.md
credit_impa_loss,信用减值损失,raw_annual/raw_quarterly,income,float,33,amount_cny,"百万元（元÷1,000,000）",N,.refs/tushare-docs/33.md
oth_income,其他收益,raw_annual/raw_quarterly,income,float,33,amount_cny,"百万元（元÷1,000,000）",N,.refs/tushare-docs/33.md
invest_income,加:投资净收益,raw_annual/raw_quarterly,income,float,33,amount_cny,"百万元（元÷1,000,000）",N,.refs/tushare-docs/33.md
fv_value_chg_gain,加:公允价值变动净收益,raw_annual/raw_quarterly,income,float,33,amount_cny,"百万元（元÷1,000,000）",N,.refs/tushare-docs/33.md
asset_disp_income,资产处置收益,raw_annual/raw_quarterly,income,float,33,amount_cny,"百万元（元÷1,000,000）",N,.refs/tushare-docs/33.md
operate_profit,营业利润,raw_annual/raw_quarterly,income,float,33,amount_cny,"百万元（元÷1,000,000）",N,.refs/tushare-docs/33.md
non_oper_income,加:营业外收入,raw_annual/raw_quarterly,income,float,33,amount_cny,"百万元（元÷1,000,000）",N,.refs/tushare-docs/33.md
non_oper_exp,减:营业外支出,raw_annual/raw_quarterly,income,float,33,amount_cny,"百万元（元÷1,000,000）",N,.refs/tushare-docs/33.md
total_profit,利润总额,raw_annual/raw_quarterly,income,float,33,amount_cny,"百万元（元÷1,000,000）",N,.refs/tushare-docs/33.md
income_tax,所得税费用,raw_annual/raw_quarterly,income,float,33,amount_cny,"百万元（元÷1,000,000）",N,.refs/tushare-docs/33.md
n_income,净利润(含少数股东损益),raw_annual/raw_quarterly,income,float,33,amount_cny,"百万元（元÷1,000,000）",N,.refs/tushare-docs/33.md
minority_gain,少数股东损益,raw_annual/raw_quarterly,income,float,33,amount_cny,"百万元（元÷1,000,000）",N,.refs/tushare-docs/33.md
n_income_attr_p,净利润(不含少数股东损益),raw_annual/raw_quarterly,income,float,33,amount_cny,"百万元（元÷1,000,000）",Y,.refs/tushare-docs/33.md
money_cap,货币资金,raw_annual/raw_quarterly,balancesheet,float,36,amount_cny,"百万元（元÷1,000,000）",N,.refs/tushare-docs/36.md
trad_asset,交易性金融资产,raw_annual/raw_quarterly,balancesheet,float,36,amount_cny,"百万元（元÷1,000,000）",N,.refs/tushare-docs/36.md
notes_receiv,应收票据,raw_annual/raw_quarterly,balancesheet,float,36,amount_cny,"百万元（元÷1,000,000）",N,.refs/tushare-docs/36.md
accounts_receiv,应收账款,raw_annual/raw_quarterly,balancesheet,float,36,amount_cny,"百万元（元÷1,000,000）",N,.refs/tushare-docs/36.md
prepayment,预付款项,raw_annual/raw_quarterly,balancesheet,float,36,amount_cny,"百万元（元÷1,000,000）",N,.refs/tushare-docs/36.md
oth_receiv,其他应收款,raw_annual/raw_quarterly,balancesheet,float,36,amount_cny,"百万元（元÷1,000,000）",N,.refs/tushare-docs/36.md
inventories,存货,raw_annual/raw_quarterly,balancesheet,float,36,amount_cny,"百万元（元÷1,000,000）",N,.refs/tushare-docs/36.md
contract_assets,合同资产,raw_annual/raw_quarterly,balancesheet,float,36,amount_cny,"百万元（元÷1,000,000）",N,.refs/tushare-docs/36.md
total_cur_assets,流动资产合计,raw_annual/raw_quarterly,balancesheet,float,36,amount_cny,"百万元（元÷1,000,000）",N,.refs/tushare-docs/36.md
fix_assets,固定资产,raw_annual/raw_quarterly,balancesheet,float,36,amount_cny,"百万元（元÷1,000,000）",N,.refs/tushare-docs/36.md
cip,在建工程,raw_annual/raw_quarterly,balancesheet,float,36,amount_cny,"百万元（元÷1,000,000）",N,.refs/tushare-docs/36.md
intan_assets,无形资产,raw_annual/raw_quarterly,balancesheet,float,36,amount_cny,"百万元（元÷1,000,000）",N,.refs/tushare-docs/36.md
goodwill,商誉,raw_annual/raw_quarterly,balancesheet,float,36,amount_cny,"百万元（元÷1,000,000）",N,.refs/tushare-docs/36.md
lt_amor_exp,长期待摊费用,raw_annual/raw_quarterly,balancesheet,float,36,amount_cny,"百万元（元÷1,000,000）",N,.refs/tushare-docs/36.md
use_right_assets,使用权资产,raw_annual/raw_quarterly,balancesheet,float,36,amount_cny,"百万元（元÷1,000,000）",N,.refs/tushare-docs/36.md
defer_tax_assets,递延所得税资产,raw_annual/raw_quarterly,balancesheet,float,36,amount_cny,"百万元（元÷1,000,000）",N,.refs/tushare-docs/36.md
total_nca,非流动资产合计,raw_annual/raw_quarterly,balancesheet,float,36,amount_cny,"百万元（元÷1,000,000）",N,.refs/tushare-docs/36.md
total_assets,资产总计,raw_annual/raw_quarterly,balancesheet,float,36,amount_cny,"百万元（元÷1,000,000）",Y,.refs/tushare-docs/36.md
st_borr,短期借款,raw_annual/raw_quarterly,balancesheet,float,36,amount_cny,"百万元（元÷1,000,000）",N,.refs/tushare-docs/36.md
notes_payable,应付票据,raw_annual/raw_quarterly,balancesheet,float,36,amount_cny,"百万元（元÷1,000,000）",N,.refs/tushare-docs/36.md
acct_payable,应付账款,raw_annual/raw_quarterly,balancesheet,float,36,amount_cny,"百万元（元÷1,000,000）",N,.refs/tushare-docs/36.md
contract_liab,合同负债,raw_annual/raw_quarterly,balancesheet,float,36,amount_cny,"百万元（元÷1,000,000）",N,.refs/tushare-docs/36.md
adv_receipts,预收款项,raw_annual/raw_quarterly,balancesheet,float,36,amount_cny,"百万元（元÷1,000,000）",N,.refs/tushare-docs/36.md
payroll_payable,应付职工薪酬,raw_annual/raw_quarterly,balancesheet,float,36,amount_cny,"百万元（元÷1,000,000）",N,.refs/tushare-docs/36.md
taxes_payable,应交税费,raw_annual/raw_quarterly,balancesheet,float,36,amount_cny,"百万元（元÷1,000,000）",N,.refs/tushare-docs/36.md
oth_payable,其他应付款,raw_annual/raw_quarterly,balancesheet,float,36,amount_cny,"百万元（元÷1,000,000）",N,.refs/tushare-docs/36.md
total_cur_liab,流动负债合计,raw_annual/raw_quarterly,balancesheet,float,36,amount_cny,"百万元（元÷1,000,000）",N,.refs/tushare-docs/36.md
lt_borr,长期借款,raw_annual/raw_quarterly,balancesheet,float,36,amount_cny,"百万元（元÷1,000,000）",N,.refs/tushare-docs/36.md
bond_payable,应付债券,raw_annual/raw_quarterly,balancesheet,float,36,amount_cny,"百万元（元÷1,000,000）",N,.refs/tushare-docs/36.md
lease_liab,租赁负债,raw_annual/raw_quarterly,balancesheet,float,36,amount_cny,"百万元（元÷1,000,000）",N,.refs/tushare-docs/36.md
defer_tax_liab,递延所得税负债,raw_annual/raw_quarterly,balancesheet,float,36,amount_cny,"百万元（元÷1,000,000）",N,.refs/tushare-docs/36.md
total_ncl,非流动负债合计,raw_annual/raw_quarterly,balancesheet,float,36,amount_cny,"百万元（元÷1,000,000）",N,.refs/tushare-docs/36.md
total_liab,负债合计,raw_annual/raw_quarterly,balancesheet,float,36,amount_cny,"百万元（元÷1,000,000）",Y,.refs/tushare-docs/36.md
total_share,期末总股本,raw_annual/raw_quarterly,balancesheet,float,36,share,"百万股（股÷1,000,000）",Y,.refs/tushare-docs/36.md
cap_rese,资本公积金,raw_annual/raw_quarterly,balancesheet,float,36,amount_cny,"百万元（元÷1,000,000）",N,.refs/tushare-docs/36.md
surplus_rese,盈余公积金,raw_annual/raw_quarterly,balancesheet,float,36,amount_cny,"百万元（元÷1,000,000）",N,.refs/tushare-docs/36.md
undistr_porfit,未分配利润,raw_annual/raw_quarterly,balancesheet,float,36,amount_cny,"百万元（元÷1,000,000）",N,.refs/tushare-docs/36.md
minority_int,少数股东权益,raw_annual/raw_quarterly,balancesheet,float,36,amount_cny,"百万元（元÷1,000,000）",N,.refs/tushare-docs/36.md
total_hldr_eqy_exc_min_int,股东权益合计(不含少数股东权益),raw_annual/raw_quarterly,balancesheet,float,36,amount_cny,"百万元（元÷1,000,000）",N,.refs/tushare-docs/36.md
total_hldr_eqy_inc_min_int,股东权益合计(含少数股东权益),raw_annual/raw_quarterly,balancesheet,float,36,amount_cny,"百万元（元÷1,000,000）",Y,.refs/tushare-docs/36.md
n_cashflow_act,经营活动产生的现金流量净额,raw_annual/raw_quarterly,cashflow,float,44,amount_cny,"百万元（元÷1,000,000）",Y,.refs/tushare-docs/44.md
depr_fa_coga_dpba,固定资产折旧、油气资产折耗、生产性生物资产折旧,raw_annual/raw_quarterly,cashflow,float,44,amount_cny,"百万元（元÷1,000,000）",N,.refs/tushare-docs/44.md
amort_intang_assets,无形资产摊销,raw_annual/raw_quarterly,cashflow,float,44,amount_cny,"百万元（元÷1,000,000）",N,.refs/tushare-docs/44.md
lt_amort_deferred_exp,长期待摊费用摊销,raw_annual/raw_quarterly,cashflow,float,44,amount_cny,"百万元（元÷1,000,000）",N,.refs/tushare-docs/44.md
n_cashflow_inv_act,投资活动产生的现金流量净额,raw_annual/raw_quarterly,cashflow,float,44,amount_cny,"百万元（元÷1,000,000）",Y,.refs/tushare-docs/44.md
c_pay_acq_const_fiolta,购建固定资产、无形资产和其他长期资产支付的现金,raw_annual/raw_quarterly,cashflow,float,44,amount_cny,"百万元（元÷1,000,000）",Y,.refs/tushare-docs/44.md
c_paid_invest,投资支付的现金,raw_annual/raw_quarterly,cashflow,float,44,amount_cny,"百万元（元÷1,000,000）",N,.refs/tushare-docs/44.md
c_disp_withdrwl_invest,收回投资收到的现金,raw_annual/raw_quarterly,cashflow,float,44,amount_cny,"百万元（元÷1,000,000）",N,.refs/tushare-docs/44.md
c_recp_return_invest,取得投资收益收到的现金,raw_annual/raw_quarterly,cashflow,float,44,amount_cny,"百万元（元÷1,000,000）",N,.refs/tushare-docs/44.md
n_cash_flows_fnc_act,筹资活动产生的现金流量净额,raw_annual/raw_quarterly,cashflow,float,44,amount_cny,"百万元（元÷1,000,000）",Y,.refs/tushare-docs/44.md
c_recp_borrow,取得借款收到的现金,raw_annual/raw_quarterly,cashflow,float,44,amount_cny,"百万元（元÷1,000,000）",N,.refs/tushare-docs/44.md
c_prepay_amt_borr,偿还债务支付的现金,raw_annual/raw_quarterly,cashflow,float,44,amount_cny,"百万元（元÷1,000,000）",N,.refs/tushare-docs/44.md
c_pay_dist_dpcp_int_exp,分配股利、利润或偿付利息支付的现金,raw_annual/raw_quarterly,cashflow,float,44,amount_cny,"百万元（元÷1,000,000）",N,.refs/tushare-docs/44.md
c_recp_cap_contrib,吸收投资收到的现金,raw_annual/raw_quarterly,cashflow,float,44,amount_cny,"百万元（元÷1,000,000）",N,.refs/tushare-docs/44.md
eff_fx_flu_cash,汇率变动对现金的影响,raw_annual/raw_quarterly,cashflow,float,44,amount_cny,"百万元（元÷1,000,000）",N,.refs/tushare-docs/44.md
n_incr_cash_cash_equ,现金及现金等价物净增加额,raw_annual/raw_quarterly,cashflow,float,44,amount_cny,"百万元（元÷1,000,000）",N,.refs/tushare-docs/44.md
roe,净资产收益率,raw_annual,fina_indicator,float,79,percent,小数（原值÷100）,N,.refs/tushare-docs/79.md
roe_dt,净资产收益率(扣除非经常损益),raw_annual,fina_indicator,float,79,percent,小数（原值÷100）,N,.refs/tushare-docs/79.md
roa,总资产报酬率,raw_annual,fina_indicator,float,79,percent,小数（原值÷100）,N,.refs/tushare-docs/79.md
grossprofit_margin,销售毛利率,raw_annual,fina_indicator,float,79,percent,小数（原值÷100）,N,.refs/tushare-docs/79.md
netprofit_margin,销售净利率,raw_annual,fina_indicator,float,79,percent,小数（原值÷100）,N,.refs/tushare-docs/79.md
debt_to_assets,资产负债率,raw_annual,fina_indicator,float,79,percent,小数（原值÷100）,N,.refs/tushare-docs/79.md
current_ratio,流动比率,raw_annual,fina_indicator,float,79,ratio,原值直接存储,N,.refs/tushare-docs/79.md
ar_turn,应收账款周转率,raw_annual,fina_indicator,float,79,turnover_rate,天（365÷周转率）,N,.refs/tushare-docs/79.md
inv_turn,存货周转率,raw_annual,fina_indicator,float,79,turnover_rate,天（365÷周转率）,N,.refs/tushare-docs/79.md
profit_dedt,扣除非经常性损益后的净利润（扣非净利润）,raw_annual,fina_indicator,float,79,amount_cny,"百万元（元÷1,000,000）",N,.refs/tushare-docs/79.md
ebit,息税前利润,raw_annual,fina_indicator,float,79,amount_cny,"百万元（元÷1,000,000）",N,.refs/tushare-docs/79.md
ebitda,息税折旧摊销前利润,raw_annual,fina_indicator,float,79,amount_cny,"百万元（元÷1,000,000）",N,.refs/tushare-docs/79.md
total_share,总股本 （万股）,meta,daily_basic,float,32,daily_basic_share_10k,百万股（万股÷100）,Y,.refs/tushare-docs/32.md
float_share,流通股本 （万股）,meta,daily_basic,float,32,daily_basic_share_10k,百万股（万股÷100）,N,.refs/tushare-docs/32.md
total_mv,总市值 （万元）,meta,daily_basic,float,32,daily_basic_mv_10k_cny,百万元（万元÷100）,Y,.refs/tushare-docs/32.md
pe_ttm,市盈率（TTM，亏损的PE为空）,meta,daily_basic,float,32,ratio,原值直接存储,N,.refs/tushare-docs/32.md
pb,市净率（总市值/净资产）,meta,daily_basic,float,32,ratio,原值直接存储,N,.refs/tushare-docs/32.md
close,当日收盘价,meta,daily_basic,float,32,price,元/股（原值）,N,.refs/tushare-docs/32.md
